{"train/Train_Loss": 4.46609389839138e-05, "_timestamp": 1679059368.7847486, "_runtime": 1877.3444695472717, "_step": 54, "val/Valid_Loss": 0.05213629826903343, "val/t2v_R1": 1.779788838612368, "val/t2v_R5": 6.184012066365008, "val/t2v_R10": 9.653092006033182, "val/t2v_R50": 24.132730015082956, "val/t2v_MedR": 265.0, "val/t2v_MeanR": 581.9022624434389, "val/v2t_R1": 1.4781297134238311, "val/v2t_R5": 5.520361990950226, "val/v2t_R10": 8.989441930618401, "val/v2t_R50": 23.499245852187027, "val/v2t_MedR": 273.0, "val/v2t_MeanR": 583.6066365007541, "_wandb": {"runtime": 1876}}